record_type,id,floor_id,case_id,support_id,value,unit,evidence_ref,title,locator,content
metadata,schemaVersion,,,,1.0,,,,,
metadata,synthetic,,,,true,,,,,
project,name,,,,Harbour House,,,,,
project,revision,,,,Rev. C,,,,,
project,description,,,,三层办公楼 · 合成工程样例,,,,,
project,software,,,,ETABS-like JSON · 非原生导出,,,,,
scope,basis,,,,unfactored-static-gravity,,,,,
scope,selfWeight,,,,excluded,,,,,
scope,reactionPositive,,,,upward,,,,,
units,area,,,,,m2,,,,
units,surfaceLoad,,,,,kN/m2,,,,
units,force,,,,,kN,,,,
floor,L01,,,,600,m2,design-brief,,,
floor,L02,,,,600,m2,design-brief,,,
floor,L03,,,,400,m2,design-brief,,,
requirement,B1,L01,SDL,,5,kN/m2,design-brief,,,
requirement,B2,L01,LIVE,,3,kN/m2,design-brief,,,
requirement,B3,L02,SDL,,5,kN/m2,design-brief,,,
requirement,B4,L02,LIVE,,3,kN/m2,design-brief,,,
requirement,B5,L03,SDL,,5,kN/m2,design-brief,,,
requirement,B6,L03,LIVE,,2,kN/m2,design-brief,,,
assignment,A1,L01,SDL,,3000,kN,model-export,,,
assignment,A2,L01,LIVE,,1800,kN,model-export,,,
assignment,A3,L02,SDL,,3000,kN,model-export,,,
assignment,A4,L02,LIVE,,1800,kN,model-export,,,
assignment,A5,L03,SDL,,2000,kN,model-export,,,
assignment,A6,L03,LIVE,,800,kN,model-export,,,
reaction,R1,,SDL,C1,2000,kN,reaction-export,,,
reaction,R2,,SDL,C2,2000,kN,reaction-export,,,
reaction,R3,,SDL,C3,2000,kN,reaction-export,,,
reaction,R4,,SDL,C4,2000,kN,reaction-export,,,
reaction,R5,,LIVE,C1,1100,kN,reaction-export,,,
reaction,R6,,LIVE,C2,1100,kN,reaction-export,,,
reaction,R7,,LIVE,C3,1100,kN,reaction-export,,,
reaction,R8,,LIVE,C4,1100,kN,reaction-export,,,
support,C1,,,,,,,,,
support,C2,,,,,,,,,
support,C3,,,,,,,,,
support,C4,,,,,,,,,
evidence,design-brief,,,,,,,独立设计任务书,Synthetic brief §2 / floor schedule,合成基准：L01/L02/L03 面积 600/600/400 m²；SDL 均为 5 kN/m²；LIVE 分别为 3/3/2 kN/m²。仅附加恒载与活载，无自重及组合。
evidence,model-export,,,,,,,模型分配表,Synthetic model / assignments[*],合成模型分配表；数值见当前输入 assignments。force 表示对应楼层和工况的全层总力，单位 kN。
evidence,reaction-export,,,,,,,独立反力结果,Synthetic solver fixture / reactions[*],独立预置的合成结果：四个支座每个 SDL=2000 kN、LIVE=1100 kN。反力向上为正；不随模型分配修改自动生成。
evidence,support-schedule,,,,,,,独立支座清单,Synthetic brief / support schedule,该合成模型支座 C1、C2、C3、C4；每个支座要求 SDL 与 LIVE 反力记录。
evidence,review-note,,,,,,,演示审核范围说明,Synthetic QA scope §1,"本演示只核查数据一致性。固定演示容差 max(1 kN, 期望值的 1%)；不是澳标要求，也不包含结构安全判定。"
